CaptureTime;HeadsetPos;HeadsetRotation;CombinedGazeForward;FocusDistance;FocusStability;CalcXEccentricity;CalcYEccentricity;LeftForward;RightForward;LeftPosition;RightPosition
1685489146686;(-0.078655, 0.897381, -0.217065);(0.254903, 0.377646, 0.023657);(0.000000, 0.000000, 0.000000);0;0;NaN;NaN;;;;
1685489146786;(-0.078655, 0.897381, -0.217065);(0.254903, 0.377646, 0.023657);(0.000000, 0.000000, 0.000000);0;0;NaN;NaN;;;;
1685489146886;(-0.078655, 0.897381, -0.217065);(0.254903, 0.377646, 0.023657);(0.000000, 0.000000, 0.000000);0;0;NaN;NaN;;;;
1685489146986;(-0.078655, 0.897381, -0.217065);(0.254903, 0.377646, 0.023657);(0.000000, 0.000000, 0.000000);0;0;NaN;NaN;;;;
1685489147086;(-0.078325, 0.900313, -0.216052);(0.235666, 0.362564, 0.024842);(0.000000, 0.000000, 0.000000);0;0;NaN;NaN;;;;
1685489147186;(-0.078325, 0.900313, -0.216052);(0.235666, 0.362564, 0.024842);(0.000000, 0.000000, 0.000000);0;0;NaN;NaN;;;;
1685489147286;(-0.073035, 0.904674, -0.217312);(0.225193, 0.254408, 0.073887);(0.000000, 0.000000, 0.000000);0;0;NaN;NaN;;;;
1685489147386;(-0.073035, 0.904674, -0.217312);(0.225193, 0.254408, 0.073887);(0.000000, 0.000000, 0.000000);0;0;NaN;NaN;;;;
1685489147486;(-0.077407, 0.896051, -0.231641);(0.274149, 0.240882, -0.001317);(0.000000, 0.000000, 0.000000);0;0;NaN;NaN;;;;
1685489147586;(-0.077407, 0.896051, -0.231641);(0.274149, 0.240882, -0.001317);(0.000000, 0.000000, 0.000000);0;0;NaN;NaN;;;;
1685489147686;(-0.076523, 0.903496, -0.255266);(0.276127, 0.274106, -0.011291);(0.000000, 0.000000, 0.000000);0;0;NaN;NaN;;;;
1685489147786;(-0.076523, 0.903496, -0.255266);(0.276127, 0.274106, -0.011291);(0.000000, 0.000000, 0.000000);0;0;NaN;NaN;;;;
1685489147886;(-0.079477, 0.911583, -0.290609);(0.204047, 0.258537, -0.022763);(0.000000, 0.000000, 0.000000);0;0;NaN;NaN;;;;
1685489147986;(-0.079477, 0.911583, -0.290609);(0.204047, 0.258537, -0.022763);(0.000000, 0.000000, 0.000000);0;0;NaN;NaN;;;;
1685489148086;(-0.085579, 0.919105, -0.319146);(0.277035, 0.179868, -0.078690);(0.000000, 0.000000, 0.000000);0;0;NaN;NaN;;;;
1685489148186;(-0.085579, 0.919105, -0.319146);(0.277035, 0.179868, -0.078690);(0.000000, 0.000000, 0.000000);0;0;NaN;NaN;;;;
1685489148286;(-0.096358, 0.925300, -0.327436);(0.280484, 0.115242, -0.029361);(0.000000, 0.000000, 0.000000);0;0;NaN;NaN;;;;
1685489148386;(-0.096358, 0.925300, -0.327436);(0.280484, 0.115242, -0.029361);(0.000000, 0.000000, 0.000000);0;0;NaN;NaN;;;;
1685489148486;(-0.156838, 0.954021, -0.342013);(0.048202, -0.564712, -0.107735);(0.000000, 0.000000, 0.000000);0;0;NaN;NaN;;;;
1685489148587;(-0.156838, 0.954021, -0.342013);(0.048202, -0.564712, -0.107735);(0.000000, 0.000000, 0.000000);0;0;NaN;NaN;;;;
1685489148687;(-0.234103, 0.982876, -0.420096);(-0.109001, -2.005118, 0.133687);(0.000000, 0.000000, 0.000000);0;0;NaN;NaN;;;;
1685489148787;(-0.234103, 0.982876, -0.420096);(-0.109001, -2.005118, 0.133687);(0.000000, 0.000000, 0.000000);0;0;NaN;NaN;;;;
1685489148887;(-0.242040, 0.979210, -0.463615);(-0.120055, -1.988690, 0.037330);(0.000000, 0.000000, 0.000000);0;0;NaN;NaN;;;;
1685489148987;(-0.242040, 0.979210, -0.463615);(-0.120055, -1.988690, 0.037330);(0.000000, 0.000000, 0.000000);0;0;NaN;NaN;;;;
1685489149087;(-0.224911, 0.974437, -0.484554);(0.035148, -1.931097, -0.075934);(0.000000, 0.000000, 0.000000);0;0;NaN;NaN;;;;
1685489149187;(-0.224911, 0.974437, -0.484554);(0.035148, -1.931097, -0.075934);(0.000000, 0.000000, 0.000000);0;0;NaN;NaN;;;;
1685489149287;(-0.228007, 0.973780, -0.483834);(-0.008075, -2.016855, 0.004811);(0.000000, 0.000000, 0.000000);0;0;NaN;NaN;;;;
1685489149387;(-0.228007, 0.973780, -0.483834);(-0.008075, -2.016855, 0.004811);(0.000000, 0.000000, 0.000000);0;0;NaN;NaN;;;;
1685489149487;(-0.232513, 0.976726, -0.475388);(0.031320, -1.583791, -0.228769);(0.000000, 0.000000, 0.000000);0;0;NaN;NaN;;;;
1685489149587;(-0.232513, 0.976726, -0.475388);(0.031320, -1.583791, -0.228769);(0.000000, 0.000000, 0.000000);0;0;NaN;NaN;;;;
1685489149592;(-0.180607, 0.962136, -0.437461);(0.344623, 0.161977, -0.161460);(0.000000, 0.000000, 0.000000);0;0;NaN;NaN;;;;
1685489149762;(-0.180607, 0.962136, -0.437461);(0.344623, 0.161977, -0.161460);(0.000000, 0.000000, 0.000000);0;0;NaN;NaN;;;;
1685489149777;(-0.180607, 0.962136, -0.437461);(0.344623, 0.161977, -0.161460);(0.000000, 0.000000, 0.000000);0;0;NaN;NaN;;;;
1685489149782;(-0.180607, 0.962136, -0.437461);(0.344623, 0.161977, -0.161460);(0.000000, 0.000000, 0.000000);0;0;NaN;NaN;;;;
1685489149787;(-0.180607, 0.962136, -0.437461);(0.344623, 0.161977, -0.161460);(0.000000, 0.000000, 0.000000);0;0;NaN;NaN;;;;
1685489149792;(-0.180607, 0.962136, -0.437461);(0.344623, 0.161977, -0.161460);(0.000000, 0.000000, 0.000000);0;0;NaN;NaN;;;;
1685489149797;(-0.122515, 0.924349, -0.464103);(0.176294, 1.667951, 0.283725);(0.000000, 0.000000, 0.000000);0;0;NaN;NaN;;;;
1685489149997;(-0.122515, 0.924349, -0.464103);(0.176294, 1.667951, 0.283725);(0.000000, 0.000000, 0.000000);0;0;NaN;NaN;;;;
1685489150097;(-0.105880, 0.905829, -0.476939);(0.185683, 1.960932, 0.342844);(0.000000, 0.000000, 0.000000);0;0;NaN;NaN;;;;
1685489150197;(-0.105880, 0.905829, -0.476939);(0.185683, 1.960932, 0.342844);(0.000000, 0.000000, 0.000000);0;0;NaN;NaN;;;;
1685489150297;(-0.103740, 0.904802, -0.486376);(0.218451, 1.932717, 0.365170);(0.000000, 0.000000, 0.000000);0;0;NaN;NaN;;;;
1685489150397;(-0.103740, 0.904802, -0.486376);(0.218451, 1.932717, 0.365170);(0.000000, 0.000000, 0.000000);0;0;NaN;NaN;;;;
1685489150497;(-0.104542, 0.905992, -0.486522);(0.185663, 1.928409, 0.367515);(0.000000, 0.000000, 0.000000);0;0;NaN;NaN;;;;
1685489150597;(-0.104542, 0.905992, -0.486522);(0.185663, 1.928409, 0.367515);(0.000000, 0.000000, 0.000000);0;0;NaN;NaN;;;;
1685489150697;(-0.105197, 0.905499, -0.486171);(0.213425, 1.932157, 0.359748);(0.000000, 0.000000, 0.000000);0;0;NaN;NaN;;;;
1685489150797;(-0.105197, 0.905499, -0.486171);(0.213425, 1.932157, 0.359748);(0.000000, 0.000000, 0.000000);0;0;NaN;NaN;;;;
1685489150897;(-0.102330, 0.905347, -0.488212);(0.221723, 1.951843, 0.373415);(0.000000, 0.000000, 0.000000);0;0;NaN;NaN;;;;
1685489150997;(-0.102330, 0.905347, -0.488212);(0.221723, 1.951843, 0.373415);(0.000000, 0.000000, 0.000000);0;0;NaN;NaN;;;;
1685489151097;(-0.094896, 0.904497, -0.487913);(0.197645, 1.908394, 0.352020);(0.000000, 0.000000, 0.000000);0;0;NaN;NaN;;;;
1685489151197;(-0.094896, 0.904497, -0.487913);(0.197645, 1.908394, 0.352020);(0.000000, 0.000000, 0.000000);0;0;NaN;NaN;;;;
1685489151298;(-0.087455, 0.901912, -0.487695);(0.198399, 1.894110, 0.343592);(0.000000, 0.000000, 0.000000);0;0;NaN;NaN;;;;
1685489151398;(-0.087455, 0.901912, -0.487695);(0.198399, 1.894110, 0.343592);(0.000000, 0.000000, 0.000000);0;0;NaN;NaN;;;;
1685489151498;(-0.083499, 0.906575, -0.484095);(0.189535, 1.884855, 0.352776);(0.000000, 0.000000, 0.000000);0;0;NaN;NaN;;;;
1685489151598;(-0.083499, 0.906575, -0.484095);(0.189535, 1.884855, 0.352776);(0.000000, 0.000000, 0.000000);0;0;NaN;NaN;;;;
1685489151698;(-0.082209, 0.904521, -0.478225);(0.210983, 1.828462, 0.331831);(0.000000, 0.000000, 0.000000);0;0;NaN;NaN;;;;
1685489151798;(-0.082209, 0.904521, -0.478225);(0.210983, 1.828462, 0.331831);(0.000000, 0.000000, 0.000000);0;0;NaN;NaN;;;;
1685489151898;(-0.077405, 0.904241, -0.477239);(0.212064, 1.853129, 0.354821);(0.000000, 0.000000, 0.000000);0;0;NaN;NaN;;;;
1685489151998;(-0.077405, 0.904241, -0.477239);(0.212064, 1.853129, 0.354821);(0.000000, 0.000000, 0.000000);0;0;NaN;NaN;;;;
1685489152098;(-0.074989, 0.904380, -0.468470);(0.182598, 1.857632, 0.332066);(0.000000, 0.000000, 0.000000);0;0;NaN;NaN;;;;
1685489152198;(-0.074989, 0.904380, -0.468470);(0.182598, 1.857632, 0.332066);(0.000000, 0.000000, 0.000000);0;0;NaN;NaN;;;;
1685489152298;(-0.076261, 0.897432, -0.464799);(0.217170, 1.851891, 0.319146);(0.000000, 0.000000, 0.000000);0;0;NaN;NaN;;;;
1685489152398;(-0.076261, 0.897432, -0.464799);(0.217170, 1.851891, 0.319146);(0.000000, 0.000000, 0.000000);0;0;NaN;NaN;;;;
1685489152498;(-0.080284, 0.889025, -0.444158);(0.353717, 1.125434, 0.047911);(0.000000, 0.000000, 0.000000);0;0;NaN;NaN;;;;
1685489152598;(-0.080284, 0.889025, -0.444158);(0.353717, 1.125434, 0.047911);(0.000000, 0.000000, 0.000000);0;0;NaN;NaN;;;;
1685489152698;(-0.108828, 0.901196, -0.418232);(0.165314, -0.273602, -0.133531);(0.000000, 0.000000, 0.000000);0;0;NaN;NaN;;;;
1685489152798;(-0.108828, 0.901196, -0.418232);(0.165314, -0.273602, -0.133531);(0.000000, 0.000000, 0.000000);0;0;NaN;NaN;;;;
1685489152898;(-0.107442, 0.899067, -0.435132);(0.139292, -0.269617, -0.190067);(0.000000, 0.000000, 0.000000);0;0;NaN;NaN;;;;
1685489152998;(-0.107442, 0.899067, -0.435132);(0.139292, -0.269617, -0.190067);(0.000000, 0.000000, 0.000000);0;0;NaN;NaN;;;;
1685489153098;(-0.097152, 0.891839, -0.439387);(0.274443, -0.098615, -0.090796);(0.000000, 0.000000, 0.000000);0;0;NaN;NaN;;;;
1685489153298;(-0.097152, 0.891839, -0.439387);(0.274443, -0.098615, -0.090796);(0.000000, 0.000000, 0.000000);0;0;NaN;NaN;;;;
1685489153398;(-0.101155, 0.895450, -0.432211);(0.192989, -0.127589, -0.121323);(0.000000, 0.000000, 0.000000);0;0;NaN;NaN;;;;
1685489153498;(-0.101155, 0.895450, -0.432211);(0.192989, -0.127589, -0.121323);(0.000000, 0.000000, 0.000000);0;0;NaN;NaN;;;;
1685489153598;(-0.101758, 0.897815, -0.432887);(0.219093, -0.096468, -0.109376);(0.000000, 0.000000, 0.000000);0;0;NaN;NaN;;;;
1685489153698;(-0.101758, 0.897815, -0.432887);(0.219093, -0.096468, -0.109376);(0.000000, 0.000000, 0.000000);0;0;NaN;NaN;;;;
1685489153798;(-0.099591, 0.899674, -0.435410);(0.222483, -0.100491, -0.103227);(0.000000, 0.000000, 0.000000);0;0;NaN;NaN;;;;
1685489153898;(-0.099591, 0.899674, -0.435410);(0.222483, -0.100491, -0.103227);(0.000000, 0.000000, 0.000000);0;0;NaN;NaN;;;;
1685489153998;(-0.098763, 0.899013, -0.436197);(0.230742, -0.077184, -0.090494);(0.000000, 0.000000, 0.000000);0;0;NaN;NaN;;;;
1685489154099;(-0.098763, 0.899013, -0.436197);(0.230742, -0.077184, -0.090494);(0.000000, 0.000000, 0.000000);0;0;NaN;NaN;;;;
1685489154199;(-0.098436, 0.901782, -0.438063);(0.232603, 0.010835, -0.053274);(0.000000, 0.000000, 0.000000);0;0;NaN;NaN;;;;
1685489154299;(-0.098436, 0.901782, -0.438063);(0.232603, 0.010835, -0.053274);(0.000000, 0.000000, 0.000000);0;0;NaN;NaN;;;;
1685489154399;(-0.060506, 0.903623, -0.461745);(0.251237, 0.774764, 0.271083);(0.000000, 0.000000, 0.000000);0;0;NaN;NaN;;;;
1685489154499;(-0.060506, 0.903623, -0.461745);(0.251237, 0.774764, 0.271083);(0.000000, 0.000000, 0.000000);0;0;NaN;NaN;;;;
1685489154599;(-0.046937, 0.891185, -0.492649);(0.224402, 1.491348, 0.325290);(0.000000, 0.000000, 0.000000);0;0;NaN;NaN;;;;
1685489154699;(-0.046937, 0.891185, -0.492649);(0.224402, 1.491348, 0.325290);(0.000000, 0.000000, 0.000000);0;0;NaN;NaN;;;;
1685489154799;(-0.049146, 0.879982, -0.501315);(0.304247, 1.807757, 0.339401);(0.000000, 0.000000, 0.000000);0;0;NaN;NaN;;;;
1685489154899;(-0.049146, 0.879982, -0.501315);(0.304247, 1.807757, 0.339401);(0.000000, 0.000000, 0.000000);0;0;NaN;NaN;;;;
1685489154999;(-0.052132, 0.881522, -0.490980);(0.262348, 1.778304, 0.291444);(0.000000, 0.000000, 0.000000);0;0;NaN;NaN;;;;
1685489155099;(-0.052132, 0.881522, -0.490980);(0.262348, 1.778304, 0.291444);(0.000000, 0.000000, 0.000000);0;0;NaN;NaN;;;;
1685489155104;(-0.055159, 0.883177, -0.487371);(0.291149, 1.605136, 0.278529);(0.000000, 0.000000, 0.000000);0;0;NaN;NaN;;;;
1685489155274;(-0.055159, 0.883177, -0.487371);(0.291149, 1.605136, 0.278529);(0.000000, 0.000000, 0.000000);0;0;NaN;NaN;;;;
1685489155279;(-0.055159, 0.883177, -0.487371);(0.291149, 1.605136, 0.278529);(0.000000, 0.000000, 0.000000);0;0;NaN;NaN;;;;
1685489155284;(-0.055159, 0.883177, -0.487371);(0.291149, 1.605136, 0.278529);(0.000000, 0.000000, 0.000000);0;0;NaN;NaN;;;;
1685489155289;(-0.055159, 0.883177, -0.487371);(0.291149, 1.605136, 0.278529);(0.000000, 0.000000, 0.000000);0;0;NaN;NaN;;;;
1685489155294;(-0.055159, 0.883177, -0.487371);(0.291149, 1.605136, 0.278529);(0.000000, 0.000000, 0.000000);0;0;NaN;NaN;;;;
1685489155304;(-0.055159, 0.883177, -0.487371);(0.291149, 1.605136, 0.278529);(0.000000, 0.000000, 0.000000);0;0;NaN;NaN;;;;
1685489155309;(-0.082464, 0.868797, -0.444967);(0.386098, 0.363653, -0.132477);(0.000000, 0.000000, 0.000000);0;0;NaN;NaN;;;;
1685489155319;(-0.082464, 0.868797, -0.444967);(0.386098, 0.363653, -0.132477);(0.000000, 0.000000, 0.000000);0;0;NaN;NaN;;;;
1685489155429;(-0.082464, 0.868797, -0.444967);(0.386098, 0.363653, -0.132477);(0.000000, 0.000000, 0.000000);0;0;NaN;NaN;;;;
1685489155524;(-0.117303, 0.882765, -0.417200);(-0.005741, -0.681236, -0.219024);(0.000000, 0.000000, 0.000000);0;0;NaN;NaN;;;;
1685489155699;(-0.117303, 0.882765, -0.417200);(-0.005741, -0.681236, -0.219024);(0.000000, 0.000000, 0.000000);0;0;NaN;NaN;;;;
1685489155714;(-0.117303, 0.882765, -0.417200);(-0.005741, -0.681236, -0.219024);(0.000000, 0.000000, 0.000000);0;0;NaN;NaN;;;;
1685489155719;(-0.117303, 0.882765, -0.417200);(-0.005741, -0.681236, -0.219024);(0.000000, 0.000000, 0.000000);0;0;NaN;NaN;;;;
1685489155724;(-0.117303, 0.882765, -0.417200);(-0.005741, -0.681236, -0.219024);(0.000000, 0.000000, 0.000000);0;0;NaN;NaN;;;;
1685489155729;(-0.137162, 0.889944, -0.427817);(0.034130, -0.617839, -0.375613);(0.000000, 0.000000, 0.000000);0;0;NaN;NaN;;;;
1685489155829;(-0.137162, 0.889944, -0.427817);(0.034130, -0.617839, -0.375613);(0.000000, 0.000000, 0.000000);0;0;NaN;NaN;;;;
1685489155929;(-0.137162, 0.889944, -0.427817);(0.034130, -0.617839, -0.375613);(0.000000, 0.000000, 0.000000);0;0;NaN;NaN;;;;
1685489156029;(-0.130562, 0.889078, -0.428206);(0.123057, -0.506679, -0.305627);(0.000000, 0.000000, 0.000000);0;0;NaN;NaN;;;;
1685489156129;(-0.130562, 0.889078, -0.428206);(0.123057, -0.506679, -0.305627);(0.000000, 0.000000, 0.000000);0;0;NaN;NaN;;;;
1685489156229;(-0.128374, 0.887400, -0.430793);(0.081984, -0.554712, -0.324168);(0.000000, 0.000000, 0.000000);0;0;NaN;NaN;;;;
1685489156329;(-0.128374, 0.887400, -0.430793);(0.081984, -0.554712, -0.324168);(0.000000, 0.000000, 0.000000);0;0;NaN;NaN;;;;
1685489156429;(-0.127944, 0.888108, -0.434075);(0.101541, -0.515293, -0.320250);(0.000000, 0.000000, 0.000000);0;0;NaN;NaN;;;;
1685489156529;(-0.127944, 0.888108, -0.434075);(0.101541, -0.515293, -0.320250);(0.000000, 0.000000, 0.000000);0;0;NaN;NaN;;;;
1685489156629;(-0.125464, 0.887569, -0.433036);(0.119856, -0.481748, -0.298738);(0.000000, 0.000000, 0.000000);0;0;NaN;NaN;;;;
1685489156730;(-0.125464, 0.887569, -0.433036);(0.119856, -0.481748, -0.298738);(0.000000, 0.000000, 0.000000);0;0;NaN;NaN;;;;
1685489156830;(-0.121842, 0.888683, -0.429049);(0.126873, -0.446265, -0.282896);(0.000000, 0.000000, 0.000000);0;0;NaN;NaN;;;;
1685489156930;(-0.121842, 0.888683, -0.429049);(0.126873, -0.446265, -0.282896);(0.000000, 0.000000, 0.000000);0;0;NaN;NaN;;;;
1685489157030;(-0.127805, 0.898197, -0.430133);(0.072782, -0.515895, -0.323923);(0.000000, 0.000000, 0.000000);0;0;NaN;NaN;;;;
1685489157130;(-0.127805, 0.898197, -0.430133);(0.072782, -0.515895, -0.323923);(0.000000, 0.000000, 0.000000);0;0;NaN;NaN;;;;
1685489157230;(-0.127399, 0.900165, -0.431826);(0.121417, -0.429255, -0.315038);(0.000000, 0.000000, 0.000000);0;0;NaN;NaN;;;;
1685489157330;(-0.127399, 0.900165, -0.431826);(0.121417, -0.429255, -0.315038);(0.000000, 0.000000, 0.000000);0;0;NaN;NaN;;;;
1685489157430;(-0.101981, 0.894129, -0.434246);(0.333873, 0.020855, -0.188222);(0.000000, 0.000000, 0.000000);0;0;NaN;NaN;;;;
1685489157530;(-0.101981, 0.894129, -0.434246);(0.333873, 0.020855, -0.188222);(0.000000, 0.000000, 0.000000);0;0;NaN;NaN;;;;
1685489157630;(-0.051156, 0.878630, -0.460192);(0.280083, 0.942251, 0.118682);(0.000000, 0.000000, 0.000000);0;0;NaN;NaN;;;;
1685489157730;(-0.051156, 0.878630, -0.460192);(0.280083, 0.942251, 0.118682);(0.000000, 0.000000, 0.000000);0;0;NaN;NaN;;;;
1685489157830;(-0.026419, 0.868098, -0.473936);(0.225786, 1.369493, 0.191218);(0.000000, 0.000000, 0.000000);0;0;NaN;NaN;;;;
1685489157930;(-0.026419, 0.868098, -0.473936);(0.225786, 1.369493, 0.191218);(0.000000, 0.000000, 0.000000);0;0;NaN;NaN;;;;
1685489158030;(-0.027215, 0.865938, -0.475801);(0.290751, 1.360504, 0.217748);(0.000000, 0.000000, 0.000000);0;0;NaN;NaN;;;;
1685489158130;(-0.027215, 0.865938, -0.475801);(0.290751, 1.360504, 0.217748);(0.000000, 0.000000, 0.000000);0;0;NaN;NaN;;;;
1685489158330;(-0.034394, 0.866213, -0.472275);(0.323225, 1.226974, 0.153014);(0.000000, 0.000000, 0.000000);0;0;NaN;NaN;;;;
1685489158430;(-0.028791, 0.866816, -0.476083);(0.299625, 1.274556, 0.198103);(0.000000, 0.000000, 0.000000);0;0;NaN;NaN;;;;
1685489158530;(-0.028791, 0.866816, -0.476083);(0.299625, 1.274556, 0.198103);(0.000000, 0.000000, 0.000000);0;0;NaN;NaN;;;;
1685489158535;(-0.028106, 0.870183, -0.463264);(0.292347, 1.217538, 0.152310);(0.000000, 0.000000, 0.000000);0;0;NaN;NaN;;;;
1685489158690;(-0.028106, 0.870183, -0.463264);(0.292347, 1.217538, 0.152310);(0.000000, 0.000000, 0.000000);0;0;NaN;NaN;;;;
1685489158700;(-0.028106, 0.870183, -0.463264);(0.292347, 1.217538, 0.152310);(0.000000, 0.000000, 0.000000);0;0;NaN;NaN;;;;
1685489158705;(-0.028106, 0.870183, -0.463264);(0.292347, 1.217538, 0.152310);(0.000000, 0.000000, 0.000000);0;0;NaN;NaN;;;;
1685489158710;(-0.028106, 0.870183, -0.463264);(0.292347, 1.217538, 0.152310);(0.000000, 0.000000, 0.000000);0;0;NaN;NaN;;;;
1685489158720;(-0.028106, 0.870183, -0.463264);(0.292347, 1.217538, 0.152310);(0.000000, 0.000000, 0.000000);0;0;NaN;NaN;;;;
1685489158725;(-0.028106, 0.870183, -0.463264);(0.292347, 1.217538, 0.152310);(0.000000, 0.000000, 0.000000);0;0;NaN;NaN;;;;
1685489158730;(-0.028106, 0.870183, -0.463264);(0.292347, 1.217538, 0.152310);(0.000000, 0.000000, 0.000000);0;0;NaN;NaN;;;;
1685489158735;(-0.028106, 0.870183, -0.463264);(0.292347, 1.217538, 0.152310);(0.000000, 0.000000, 0.000000);0;0;NaN;NaN;;;;
1685489158740;(-0.045982, 0.887102, -0.446692);(0.262193, 0.671075, -0.100560);(0.000000, 0.000000, 0.000000);0;0;NaN;NaN;;;;
1685489158745;(-0.045982, 0.887102, -0.446692);(0.262193, 0.671075, -0.100560);(0.000000, 0.000000, 0.000000);0;0;NaN;NaN;;;;
1685489158750;(-0.045982, 0.887102, -0.446692);(0.262193, 0.671075, -0.100560);(0.000000, 0.000000, 0.000000);0;0;NaN;NaN;;;;
1685489158755;(-0.045982, 0.887102, -0.446692);(0.262193, 0.671075, -0.100560);(0.000000, 0.000000, 0.000000);0;0;NaN;NaN;;;;
1685489158855;(-0.045982, 0.887102, -0.446692);(0.262193, 0.671075, -0.100560);(0.000000, 0.000000, 0.000000);0;0;NaN;NaN;;;;
1685489158955;(-0.070466, 0.899154, -0.435448);(0.173349, 0.135377, -0.242551);(0.000000, 0.000000, 0.000000);0;0;NaN;NaN;;;;
1685489159055;(-0.074235, 0.900065, -0.434042);(0.163459, 0.072241, -0.250188);(0.000000, 0.000000, 0.000000);0;0;NaN;NaN;;;;
1685489159155;(-0.121102, 0.906160, -0.427595);(0.017377, -0.936685, -0.220157);(0.000000, 0.000000, 0.000000);0;0;NaN;NaN;;;;
1685489159255;(-0.121102, 0.906160, -0.427595);(0.017377, -0.936685, -0.220157);(0.000000, 0.000000, 0.000000);0;0;NaN;NaN;;;;
1685489159260;(-0.133380, 0.906802, -0.428183);(-0.015776, -0.967198, -0.246942);(0.000000, 0.000000, 0.000000);0;0;NaN;NaN;;;;
1685489159425;(-0.133380, 0.906802, -0.428183);(-0.015776, -0.967198, -0.246942);(0.000000, 0.000000, 0.000000);0;0;NaN;NaN;;;;
1685489159435;(-0.133380, 0.906802, -0.428183);(-0.015776, -0.967198, -0.246942);(0.000000, 0.000000, 0.000000);0;0;NaN;NaN;;;;
1685489159440;(-0.133380, 0.906802, -0.428183);(-0.015776, -0.967198, -0.246942);(0.000000, 0.000000, 0.000000);0;0;NaN;NaN;;;;
1685489159445;(-0.133380, 0.906802, -0.428183);(-0.015776, -0.967198, -0.246942);(0.000000, 0.000000, 0.000000);0;0;NaN;NaN;;;;
1685489159456;(-0.133380, 0.906802, -0.428183);(-0.015776, -0.967198, -0.246942);(0.000000, 0.000000, 0.000000);0;0;NaN;NaN;;;;
1685489159461;(-0.133380, 0.906802, -0.428183);(-0.015776, -0.967198, -0.246942);(0.000000, 0.000000, 0.000000);0;0;NaN;NaN;;;;
1685489159466;(-0.133182, 0.905460, -0.428461);(0.063832, -0.806056, -0.251570);(0.000000, 0.000000, 0.000000);0;0;NaN;NaN;;;;
1685489159666;(-0.133182, 0.905460, -0.428461);(0.063832, -0.806056, -0.251570);(0.000000, 0.000000, 0.000000);0;0;NaN;NaN;;;;
1685489159766;(-0.131655, 0.902878, -0.428107);(0.082704, -0.770416, -0.234948);(0.000000, 0.000000, 0.000000);0;0;NaN;NaN;;;;
1685489159866;(-0.131655, 0.902878, -0.428107);(0.082704, -0.770416, -0.234948);(0.000000, 0.000000, 0.000000);0;0;NaN;NaN;;;;
1685489159966;(-0.136866, 0.901390, -0.430581);(0.058545, -0.860524, -0.243695);(0.000000, 0.000000, 0.000000);0;0;NaN;NaN;;;;
1685489160066;(-0.136866, 0.901390, -0.430581);(0.058545, -0.860524, -0.243695);(0.000000, 0.000000, 0.000000);0;0;NaN;NaN;;;;
1685489160071;(-0.139954, 0.900695, -0.431567);(0.053787, -0.878737, -0.234629);(0.000000, 0.000000, 0.000000);0;0;NaN;NaN;;;;
1685489160236;(-0.139954, 0.900695, -0.431567);(0.053787, -0.878737, -0.234629);(0.000000, 0.000000, 0.000000);0;0;NaN;NaN;;;;
1685489160246;(-0.139954, 0.900695, -0.431567);(0.053787, -0.878737, -0.234629);(0.000000, 0.000000, 0.000000);0;0;NaN;NaN;;;;
1685489160251;(-0.139954, 0.900695, -0.431567);(0.053787, -0.878737, -0.234629);(0.000000, 0.000000, 0.000000);0;0;NaN;NaN;;;;
1685489160261;(-0.139954, 0.900695, -0.431567);(0.053787, -0.878737, -0.234629);(0.000000, 0.000000, 0.000000);0;0;NaN;NaN;;;;
1685489160266;(-0.139954, 0.900695, -0.431567);(0.053787, -0.878737, -0.234629);(0.000000, 0.000000, 0.000000);0;0;NaN;NaN;;;;
1685489160271;(-0.139954, 0.900695, -0.431567);(0.053787, -0.878737, -0.234629);(0.000000, 0.000000, 0.000000);0;0;NaN;NaN;;;;
1685489160276;(-0.140431, 0.900902, -0.432245);(0.070389, -0.844684, -0.242240);(0.000000, 0.000000, 0.000000);0;0;NaN;NaN;;;;
1685489160376;(-0.140431, 0.900902, -0.432245);(0.070389, -0.844684, -0.242240);(0.000000, 0.000000, 0.000000);0;0;NaN;NaN;;;;
1685489160476;(-0.140431, 0.900902, -0.432245);(0.070389, -0.844684, -0.242240);(0.000000, 0.000000, 0.000000);0;0;NaN;NaN;;;;
1685489160576;(-0.138907, 0.897006, -0.429586);(0.094876, -0.813782, -0.227583);(0.000000, 0.000000, 0.000000);0;0;NaN;NaN;;;;
1685489160676;(-0.138907, 0.897006, -0.429586);(0.094876, -0.813782, -0.227583);(0.000000, 0.000000, 0.000000);0;0;NaN;NaN;;;;
1685489160776;(-0.105717, 0.877340, -0.413574);(0.332071, -0.145400, 0.022090);(0.000000, 0.000000, 0.000000);0;0;NaN;NaN;;;;
1685489160876;(-0.105717, 0.877340, -0.413574);(0.332071, -0.145400, 0.022090);(0.000000, 0.000000, 0.000000);0;0;NaN;NaN;;;;
1685489160976;(-0.087483, 0.850513, -0.412792);(0.385780, 0.668377, 0.089573);(0.000000, 0.000000, 0.000000);0;0;NaN;NaN;;;;
1685489161076;(-0.087483, 0.850513, -0.412792);(0.385780, 0.668377, 0.089573);(0.000000, 0.000000, 0.000000);0;0;NaN;NaN;;;;
1685489161176;(-0.086976, 0.847171, -0.392382);(0.321886, 0.683307, 0.063763);(0.000000, 0.000000, 0.000000);0;0;NaN;NaN;;;;
1685489161276;(-0.086976, 0.847171, -0.392382);(0.321886, 0.683307, 0.063763);(0.000000, 0.000000, 0.000000);0;0;NaN;NaN;;;;
1685489161281;(-0.084482, 0.856529, -0.374247);(0.220491, 0.430288, -0.048384);(0.000000, 0.000000, 0.000000);0;0;NaN;NaN;;;;
1685489161446;(-0.084482, 0.856529, -0.374247);(0.220491, 0.430288, -0.048384);(0.000000, 0.000000, 0.000000);0;0;NaN;NaN;;;;
1685489161451;(-0.084482, 0.856529, -0.374247);(0.220491, 0.430288, -0.048384);(0.000000, 0.000000, 0.000000);0;0;NaN;NaN;;;;
1685489161456;(-0.084482, 0.856529, -0.374247);(0.220491, 0.430288, -0.048384);(0.000000, 0.000000, 0.000000);0;0;NaN;NaN;;;;
1685489161466;(-0.084482, 0.856529, -0.374247);(0.220491, 0.430288, -0.048384);(0.000000, 0.000000, 0.000000);0;0;NaN;NaN;;;;
1685489161471;(-0.084482, 0.856529, -0.374247);(0.220491, 0.430288, -0.048384);(0.000000, 0.000000, 0.000000);0;0;NaN;NaN;;;;
1685489161476;(-0.084482, 0.856529, -0.374247);(0.220491, 0.430288, -0.048384);(0.000000, 0.000000, 0.000000);0;0;NaN;NaN;;;;
1685489161481;(-0.084482, 0.856529, -0.374247);(0.220491, 0.430288, -0.048384);(0.000000, 0.000000, 0.000000);0;0;NaN;NaN;;;;
1685489161486;(-0.079227, 0.870877, -0.365663);(0.211041, 0.267703, -0.018666);(0.000000, 0.000000, 0.000000);0;0;NaN;NaN;;;;
1685489161586;(-0.079227, 0.870877, -0.365663);(0.211041, 0.267703, -0.018666);(0.000000, 0.000000, 0.000000);0;0;NaN;NaN;;;;
1685489161686;(-0.079227, 0.870877, -0.365663);(0.211041, 0.267703, -0.018666);(0.000000, 0.000000, 0.000000);0;0;NaN;NaN;;;;
1685489161786;(-0.077315, 0.869199, -0.339480);(0.221341, 0.211759, -0.018476);(0.000000, 0.000000, 0.000000);0;0;NaN;NaN;;;;
1685489161886;(-0.077315, 0.869199, -0.339480);(0.221341, 0.211759, -0.018476);(0.000000, 0.000000, 0.000000);0;0;NaN;NaN;;;;
1685489161986;(-0.048589, 0.868965, -0.273260);(0.199890, 0.254376, -0.054964);(0.000000, 0.000000, 0.000000);0;0;NaN;NaN;;;;
1685489162086;(-0.048589, 0.868965, -0.273260);(0.199890, 0.254376, -0.054964);(0.000000, 0.000000, 0.000000);0;0;NaN;NaN;;;;
1685489162186;(-0.026406, 0.858543, -0.264586);(0.052448, 0.371613, 0.121628);(0.000000, 0.000000, 0.000000);0;0;NaN;NaN;;;;
1685489162287;(-0.026406, 0.858543, -0.264586);(0.052448, 0.371613, 0.121628);(0.000000, 0.000000, 0.000000);0;0;NaN;NaN;;;;
1685489162387;(-0.041073, 0.841131, -0.286780);(0.285351, 0.333198, 0.102181);(0.000000, 0.000000, 0.000000);0;0;NaN;NaN;;;;
1685489162487;(-0.041073, 0.841131, -0.286780);(0.285351, 0.333198, 0.102181);(0.000000, 0.000000, 0.000000);0;0;NaN;NaN;;;;
1685489162587;(-0.049076, 0.844440, -0.304320);(0.417010, 0.274470, 0.115008);(0.000000, 0.000000, 0.000000);0;0;NaN;NaN;;;;
1685489162687;(-0.049076, 0.844440, -0.304320);(0.417010, 0.274470, 0.115008);(0.000000, 0.000000, 0.000000);0;0;NaN;NaN;;;;
1685489162787;(-0.052294, 0.854925, -0.293101);(0.305576, 0.147608, 0.078251);(0.000000, 0.000000, 0.000000);0;0;NaN;NaN;;;;
1685489162887;(-0.052294, 0.854925, -0.293101);(0.305576, 0.147608, 0.078251);(0.000000, 0.000000, 0.000000);0;0;NaN;NaN;;;;
1685489162987;(-0.056771, 0.863982, -0.286509);(0.212207, 0.053197, 0.061142);(0.000000, 0.000000, 0.000000);0;0;NaN;NaN;;;;
1685489163087;(-0.056771, 0.863982, -0.286509);(0.212207, 0.053197, 0.061142);(0.000000, 0.000000, 0.000000);0;0;NaN;NaN;;;;
1685489163187;(-0.054156, 0.866124, -0.305474);(0.231122, 0.032392, 0.036833);(0.000000, 0.000000, 0.000000);0;0;NaN;NaN;;;;
1685489163287;(-0.054156, 0.866124, -0.305474);(0.231122, 0.032392, 0.036833);(0.000000, 0.000000, 0.000000);0;0;NaN;NaN;;;;
1685489163387;(-0.045769, 0.865593, -0.334211);(0.251897, 0.043119, 0.042723);(0.000000, 0.000000, 0.000000);0;0;NaN;NaN;;;;
1685489163487;(-0.045769, 0.865593, -0.334211);(0.251897, 0.043119, 0.042723);(0.000000, 0.000000, 0.000000);0;0;NaN;NaN;;;;
1685489163587;(-0.039960, 0.864669, -0.359306);(0.265237, 0.068296, 0.028908);(0.000000, 0.000000, 0.000000);0;0;NaN;NaN;;;;
1685489163687;(-0.039960, 0.864669, -0.359306);(0.265237, 0.068296, 0.028908);(0.000000, 0.000000, 0.000000);0;0;NaN;NaN;;;;
1685489163787;(-0.036030, 0.859270, -0.375141);(0.264626, 0.061303, 0.019882);(0.000000, 0.000000, 0.000000);0;0;NaN;NaN;;;;
1685489163887;(-0.036030, 0.859270, -0.375141);(0.264626, 0.061303, 0.019882);(0.000000, 0.000000, 0.000000);0;0;NaN;NaN;;;;
1685489163987;(-0.033035, 0.852098, -0.384532);(0.248546, 0.082057, 0.052104);(0.000000, 0.000000, 0.000000);0;0;NaN;NaN;;;;
1685489164087;(-0.033035, 0.852098, -0.384532);(0.248546, 0.082057, 0.052104);(0.000000, 0.000000, 0.000000);0;0;NaN;NaN;;;;
1685489164187;(-0.036451, 0.848483, -0.390817);(0.251125, 0.128910, 0.041418);(0.000000, 0.000000, 0.000000);0;0;NaN;NaN;;;;
1685489164287;(-0.036451, 0.848483, -0.390817);(0.251125, 0.128910, 0.041418);(0.000000, 0.000000, 0.000000);0;0;NaN;NaN;;;;
1685489164387;(-0.041509, 0.850926, -0.392159);(0.244155, 0.120246, 0.039519);(0.000000, 0.000000, 0.000000);0;0;NaN;NaN;;;;
1685489164487;(-0.041509, 0.850926, -0.392159);(0.244155, 0.120246, 0.039519);(0.000000, 0.000000, 0.000000);0;0;NaN;NaN;;;;
1685489164587;(-0.044927, 0.847445, -0.387688);(0.261011, 0.119994, 0.050611);(0.000000, 0.000000, 0.000000);0;0;NaN;NaN;;;;
1685489164687;(-0.044927, 0.847445, -0.387688);(0.261011, 0.119994, 0.050611);(0.000000, 0.000000, 0.000000);0;0;NaN;NaN;;;;
1685489164787;(-0.044357, 0.846977, -0.360752);(0.281622, 0.178918, 0.053822);(0.000000, 0.000000, 0.000000);0;0;NaN;NaN;;;;
1685489164988;(-0.044357, 0.846977, -0.360752);(0.281622, 0.178918, 0.053822);(0.000000, 0.000000, 0.000000);0;0;NaN;NaN;;;;
1685489165088;(-0.036784, 0.853815, -0.327504);(0.262831, 0.161572, 0.031973);(0.000000, 0.000000, 0.000000);0;0;NaN;NaN;;;;
1685489165188;(-0.036784, 0.853815, -0.327504);(0.262831, 0.161572, 0.031973);(0.000000, 0.000000, 0.000000);0;0;NaN;NaN;;;;
1685489165288;(-0.021392, 0.862720, -0.293310);(0.269100, 0.130783, 0.058194);(0.000000, 0.000000, 0.000000);0;0;NaN;NaN;;;;
1685489165388;(-0.021392, 0.862720, -0.293310);(0.269100, 0.130783, 0.058194);(0.000000, 0.000000, 0.000000);0;0;NaN;NaN;;;;
1685489165488;(-0.028050, 0.882598, -0.255310);(0.288237, 0.170019, 0.124627);(0.000000, 0.000000, 0.000000);0;0;NaN;NaN;;;;
1685489165588;(-0.028050, 0.882598, -0.255310);(0.288237, 0.170019, 0.124627);(0.000000, 0.000000, 0.000000);0;0;NaN;NaN;;;;
1685489165688;(-0.079814, 0.908012, -0.203146);(0.295322, 0.235535, 0.085561);(0.000000, 0.000000, 0.000000);0;0;NaN;NaN;;;;
1685489165788;(-0.079814, 0.908012, -0.203146);(0.295322, 0.235535, 0.085561);(0.000000, 0.000000, 0.000000);0;0;NaN;NaN;;;;
1685489165888;(-0.168318, 0.933839, -0.130828);(0.267024, 0.327706, 0.100244);(0.000000, 0.000000, 0.000000);0;0;NaN;NaN;;;;
1685489165988;(-0.168318, 0.933839, -0.130828);(0.267024, 0.327706, 0.100244);(0.000000, 0.000000, 0.000000);0;0;NaN;NaN;;;;
1685489165993;(-0.289279, 0.955971, -0.032863);(0.233955, 0.395117, -0.050745);(0.000000, 0.000000, 0.000000);0;0;NaN;NaN;;;;
1685489166163;(-0.289279, 0.955971, -0.032863);(0.233955, 0.395117, -0.050745);(0.000000, 0.000000, 0.000000);0;0;NaN;NaN;;;;
1685489166168;(-0.289279, 0.955971, -0.032863);(0.233955, 0.395117, -0.050745);(0.000000, 0.000000, 0.000000);0;0;NaN;NaN;;;;
1685489166173;(-0.289279, 0.955971, -0.032863);(0.233955, 0.395117, -0.050745);(0.000000, 0.000000, 0.000000);0;0;NaN;NaN;;;;
1685489166178;(-0.289279, 0.955971, -0.032863);(0.233955, 0.395117, -0.050745);(0.000000, 0.000000, 0.000000);0;0;NaN;NaN;;;;
1685489166183;(-0.289279, 0.955971, -0.032863);(0.233955, 0.395117, -0.050745);(0.000000, 0.000000, 0.000000);0;0;NaN;NaN;;;;
1685489166188;(-0.289279, 0.955971, -0.032863);(0.233955, 0.395117, -0.050745);(0.000000, 0.000000, 0.000000);0;0;NaN;NaN;;;;
1685489166193;(-0.289279, 0.955971, -0.032863);(0.233955, 0.395117, -0.050745);(0.000000, 0.000000, 0.000000);0;0;NaN;NaN;;;;
1685489166198;(-0.374585, 0.922631, 0.046376);(0.258481, 0.563987, -0.125313);(0.000000, 0.000000, 0.000000);0;0;NaN;NaN;;;;
1685489166398;(-0.374585, 0.922631, 0.046376);(0.258481, 0.563987, -0.125313);(0.000000, 0.000000, 0.000000);0;0;NaN;NaN;;;;
1685489166498;(-0.414530, 0.860112, 0.092435);(0.329893, 0.768203, -0.119590);(0.000000, 0.000000, 0.000000);0;0;NaN;NaN;;;;
1685489166598;(-0.414530, 0.860112, 0.092435);(0.329893, 0.768203, -0.119590);(0.000000, 0.000000, 0.000000);0;0;NaN;NaN;;;;
1685489166698;(-0.423032, 0.827105, 0.100296);(0.425686, 0.792363, -0.030835);(0.000000, 0.000000, 0.000000);0;0;NaN;NaN;;;;
1685489166798;(-0.423032, 0.827105, 0.100296);(0.425686, 0.792363, -0.030835);(0.000000, 0.000000, 0.000000);0;0;NaN;NaN;;;;
1685489166898;(-0.421081, 0.821220, 0.112583);(0.333788, 0.778023, -0.020818);(0.000000, 0.000000, 0.000000);0;0;NaN;NaN;;;;
1685489166998;(-0.421081, 0.821220, 0.112583);(0.333788, 0.778023, -0.020818);(0.000000, 0.000000, 0.000000);0;0;NaN;NaN;;;;
1685489167098;(-0.421931, 0.809141, 0.116799);(0.156544, 0.819955, -0.055129);(0.000000, 0.000000, 0.000000);0;0;NaN;NaN;;;;
1685489167198;(-0.421931, 0.809141, 0.116799);(0.156544, 0.819955, -0.055129);(0.000000, 0.000000, 0.000000);0;0;NaN;NaN;;;;
1685489167298;(-0.421757, 0.808660, 0.115329);(0.155207, 0.801689, -0.037417);(0.000000, 0.000000, 0.000000);0;0;NaN;NaN;;;;
1685489167398;(-0.421757, 0.808660, 0.115329);(0.155207, 0.801689, -0.037417);(0.000000, 0.000000, 0.000000);0;0;NaN;NaN;;;;
1685489167498;(-0.421841, 0.808700, 0.115528);(0.156332, 0.801695, -0.031687);(0.000000, 0.000000, 0.000000);0;0;NaN;NaN;;;;
1685489167598;(-0.421841, 0.808700, 0.115528);(0.156332, 0.801695, -0.031687);(0.000000, 0.000000, 0.000000);0;0;NaN;NaN;;;;
1685489167603;(-0.421926, 0.808516, 0.115614);(0.154990, 0.801670, -0.031140);(0.000000, 0.000000, 0.000000);0;0;NaN;NaN;;;;
1685489167774;(-0.421926, 0.808516, 0.115614);(0.154990, 0.801670, -0.031140);(0.000000, 0.000000, 0.000000);0;0;NaN;NaN;;;;
1685489167784;(-0.421926, 0.808516, 0.115614);(0.154990, 0.801670, -0.031140);(0.000000, 0.000000, 0.000000);0;0;NaN;NaN;;;;
1685489167789;(-0.421926, 0.808516, 0.115614);(0.154990, 0.801670, -0.031140);(0.000000, 0.000000, 0.000000);0;0;NaN;NaN;;;;
1685489167799;(-0.421926, 0.808516, 0.115614);(0.154990, 0.801670, -0.031140);(0.000000, 0.000000, 0.000000);0;0;NaN;NaN;;;;
1685489167804;(-0.421926, 0.808516, 0.115614);(0.154990, 0.801670, -0.031140);(0.000000, 0.000000, 0.000000);0;0;NaN;NaN;;;;
1685489167809;(-0.421872, 0.808636, 0.115640);(0.154844, 0.801642, -0.030985);(0.000000, 0.000000, 0.000000);0;0;NaN;NaN;;;;
1685489167914;(-0.421872, 0.808636, 0.115640);(0.154844, 0.801642, -0.030985);(0.000000, 0.000000, 0.000000);0;0;NaN;NaN;;;;
1685489168009;(-0.421872, 0.808636, 0.115640);(0.154844, 0.801642, -0.030985);(0.000000, 0.000000, 0.000000);0;0;NaN;NaN;;;;
1685489168114;(-0.421948, 0.808168, 0.115471);(0.154345, 0.801726, -0.030572);(0.000000, 0.000000, 0.000000);0;0;NaN;NaN;;;;
1685489168209;(-0.421948, 0.808168, 0.115471);(0.154345, 0.801726, -0.030572);(0.000000, 0.000000, 0.000000);0;0;NaN;NaN;;;;
1685489168309;(-0.422042, 0.807766, 0.115365);(0.154190, 0.801486, -0.030363);(0.000000, 0.000000, 0.000000);0;0;NaN;NaN;;;;
1685489168409;(-0.422042, 0.807766, 0.115365);(0.154190, 0.801486, -0.030363);(0.000000, 0.000000, 0.000000);0;0;NaN;NaN;;;;
1685489168509;(-0.422141, 0.807547, 0.115220);(0.153910, 0.801551, -0.030185);(0.000000, 0.000000, 0.000000);0;0;NaN;NaN;;;;
1685489168609;(-0.422141, 0.807547, 0.115220);(0.153910, 0.801551, -0.030185);(0.000000, 0.000000, 0.000000);0;0;NaN;NaN;;;;
1685489168709;(-0.422188, 0.807663, 0.115320);(0.153696, 0.801426, -0.030110);(0.000000, 0.000000, 0.000000);0;0;NaN;NaN;;;;
1685489168809;(-0.422188, 0.807663, 0.115320);(0.153696, 0.801426, -0.030110);(0.000000, 0.000000, 0.000000);0;0;NaN;NaN;;;;
1685489168909;(-0.421881, 0.808096, 0.115299);(0.154054, 0.801123, -0.030129);(0.000000, 0.000000, 0.000000);0;0;NaN;NaN;;;;
1685489169009;(-0.421881, 0.808096, 0.115299);(0.154054, 0.801123, -0.030129);(0.000000, 0.000000, 0.000000);0;0;NaN;NaN;;;;
1685489169109;(-0.421832, 0.808351, 0.115401);(0.154068, 0.801300, -0.029827);(0.000000, 0.000000, 0.000000);0;0;NaN;NaN;;;;
1685489169209;(-0.421832, 0.808351, 0.115401);(0.154068, 0.801300, -0.029827);(0.000000, 0.000000, 0.000000);0;0;NaN;NaN;;;;
1685489169309;(-0.421871, 0.808145, 0.115380);(0.153791, 0.801184, -0.029710);(0.000000, 0.000000, 0.000000);0;0;NaN;NaN;;;;
1685489169409;(-0.421871, 0.808145, 0.115380);(0.153791, 0.801184, -0.029710);(0.000000, 0.000000, 0.000000);0;0;NaN;NaN;;;;
1685489169509;(-0.421896, 0.807836, 0.115268);(0.153531, 0.801183, -0.029623);(0.000000, 0.000000, 0.000000);0;0;NaN;NaN;;;;
1685489169609;(-0.421896, 0.807836, 0.115268);(0.153531, 0.801183, -0.029623);(0.000000, 0.000000, 0.000000);0;0;NaN;NaN;;;;
1685489169709;(-0.421878, 0.807766, 0.115240);(0.153293, 0.801135, -0.029336);(0.000000, 0.000000, 0.000000);0;0;NaN;NaN;;;;
1685489169809;(-0.421878, 0.807766, 0.115240);(0.153293, 0.801135, -0.029336);(0.000000, 0.000000, 0.000000);0;0;NaN;NaN;;;;
1685489169909;(-0.421841, 0.808065, 0.115352);(0.153231, 0.801144, -0.029280);(0.000000, 0.000000, 0.000000);0;0;NaN;NaN;;;;
1685489170009;(-0.421841, 0.808065, 0.115352);(0.153231, 0.801144, -0.029280);(0.000000, 0.000000, 0.000000);0;0;NaN;NaN;;;;
1685489170109;(-0.421839, 0.807985, 0.115316);(0.153172, 0.800977, -0.029273);(0.000000, 0.000000, 0.000000);0;0;NaN;NaN;;;;
1685489170209;(-0.421839, 0.807985, 0.115316);(0.153172, 0.800977, -0.029273);(0.000000, 0.000000, 0.000000);0;0;NaN;NaN;;;;
1685489170309;(-0.422113, 0.807830, 0.115279);(0.152652, 0.801173, -0.029038);(0.000000, 0.000000, 0.000000);0;0;NaN;NaN;;;;
1685489170410;(-0.422113, 0.807830, 0.115279);(0.152652, 0.801173, -0.029038);(0.000000, 0.000000, 0.000000);0;0;NaN;NaN;;;;
1685489170510;(-0.421974, 0.807411, 0.115184);(0.152766, 0.801206, -0.029051);(0.000000, 0.000000, 0.000000);0;0;NaN;NaN;;;;
1685489170610;(-0.421974, 0.807411, 0.115184);(0.152766, 0.801206, -0.029051);(0.000000, 0.000000, 0.000000);0;0;NaN;NaN;;;;
1685489170710;(-0.421982, 0.807809, 0.115310);(0.152471, 0.801420, -0.028823);(0.000000, 0.000000, 0.000000);0;0;NaN;NaN;;;;
1685489170810;(-0.421982, 0.807809, 0.115310);(0.152471, 0.801420, -0.028823);(0.000000, 0.000000, 0.000000);0;0;NaN;NaN;;;;
1685489170910;(-0.421876, 0.807995, 0.115345);(0.152864, 0.801398, -0.028968);(0.000000, 0.000000, 0.000000);0;0;NaN;NaN;;;;
1685489171010;(-0.421876, 0.807995, 0.115345);(0.152864, 0.801398, -0.028968);(0.000000, 0.000000, 0.000000);0;0;NaN;NaN;;;;
1685489171110;(-0.421905, 0.807949, 0.115334);(0.152930, 0.801238, -0.028866);(0.000000, 0.000000, 0.000000);0;0;NaN;NaN;;;;
1685489171210;(-0.421905, 0.807949, 0.115334);(0.152930, 0.801238, -0.028866);(0.000000, 0.000000, 0.000000);0;0;NaN;NaN;;;;
1685489171310;(-0.421905, 0.807949, 0.115334);(0.152930, 0.801238, -0.028866);(0.000000, 0.000000, 0.000000);0;0;NaN;NaN;;;;
1685489171410;(-0.421845, 0.807925, 0.115296);(0.152562, 0.801208, -0.028841);(0.000000, 0.000000, 0.000000);0;0;NaN;NaN;;;;
1685489171510;(-0.421845, 0.807925, 0.115296);(0.152562, 0.801208, -0.028841);(0.000000, 0.000000, 0.000000);0;0;NaN;NaN;;;;
1685489171610;(-0.421917, 0.807786, 0.115295);(0.152740, 0.801173, -0.028965);(0.000000, 0.000000, 0.000000);0;0;NaN;NaN;;;;
1685489171710;(-0.421917, 0.807786, 0.115295);(0.152740, 0.801173, -0.028965);(0.000000, 0.000000, 0.000000);0;0;NaN;NaN;;;;
1685489171810;(-0.421934, 0.807841, 0.115309);(0.152660, 0.801128, -0.028732);(0.000000, 0.000000, 0.000000);0;0;NaN;NaN;;;;
1685489171910;(-0.421934, 0.807841, 0.115309);(0.152660, 0.801128, -0.028732);(0.000000, 0.000000, 0.000000);0;0;NaN;NaN;;;;
1685489172010;(-0.421901, 0.807944, 0.115341);(0.152708, 0.801223, -0.029006);(0.000000, 0.000000, 0.000000);0;0;NaN;NaN;;;;
1685489172110;(-0.421901, 0.807944, 0.115341);(0.152708, 0.801223, -0.029006);(0.000000, 0.000000, 0.000000);0;0;NaN;NaN;;;;
1685489172210;(-0.421823, 0.807909, 0.115325);(0.152634, 0.801238, -0.028847);(0.000000, 0.000000, 0.000000);0;0;NaN;NaN;;;;
1685489172310;(-0.421823, 0.807909, 0.115325);(0.152634, 0.801238, -0.028847);(0.000000, 0.000000, 0.000000);0;0;NaN;NaN;;;;
1685489172410;(-0.421902, 0.807729, 0.115253);(0.153153, 0.801007, -0.028895);(0.000000, 0.000000, 0.000000);0;0;NaN;NaN;;;;
1685489172510;(-0.421902, 0.807729, 0.115253);(0.153153, 0.801007, -0.028895);(0.000000, 0.000000, 0.000000);0;0;NaN;NaN;;;;
